<?xml version="1.0"?>
<psalm
    autoloader="psalm-autoload.php"
    stopOnFirstError="false"
    useDocblockTypes="true"
>
    <projectFiles>
        <directory name="lib" />
    </projectFiles>
    <issueHandlers>
        <DuplicateClass errorLevel="info" />
        <FailedTypeResolution errorLevel="info" />
        <UndefinedConstant errorLevel="info" />
        <InvalidArgument errorLevel="info" />
        <InvalidOperand errorLevel="info" />
        <InvalidPropertyAssignment errorLevel="info" />
        <TypeCoercion errorLevel="info" />
        <TypeDoesNotContainType errorLevel="info" />
        <PossiblyUndefinedVariable errorLevel="info" />
    </issueHandlers>
</psalm>
